               epoch,      train/box_loss,      train/obj_loss,      train/cls_loss,   metrics/precision,      metrics/recall,     metrics/mAP_0.5,metrics/mAP_0.5:0.95,        val/box_loss,        val/obj_loss,        val/cls_loss,               x/lr0,               x/lr1,               x/lr2
                   0,            0.072542,            0.025629,            0.020698,             0.45365,             0.60537,             0.48851,             0.24542,            0.034963,           0.0076348,            0.010729,            0.070273,            0.003303,            0.003303
                   1,             0.05217,            0.018107,            0.009165,             0.59928,             0.80413,             0.66364,             0.33384,            0.036544,           0.0058632,            0.002459,            0.040251,           0.0066145,           0.0066145
                   2,            0.048446,            0.016578,           0.0053283,             0.80574,             0.83393,             0.84961,             0.39326,            0.037644,            0.005583,           0.0025389,            0.010207,           0.0099039,           0.0099039
                   3,            0.047879,            0.016214,           0.0050394,             0.80554,             0.78263,             0.82977,             0.42479,             0.03088,           0.0067413,           0.0033597,            0.009901,            0.009901,            0.009901
                   4,            0.040995,            0.015228,           0.0039249,             0.84018,             0.89788,             0.90401,             0.60358,            0.025384,           0.0055488,           0.0022946,            0.009901,            0.009901,            0.009901
                   5,              0.0388,            0.015117,           0.0039719,             0.69668,             0.75586,             0.74003,             0.36269,              0.0264,           0.0070422,           0.0033059,            0.009868,            0.009868,            0.009868
                   6,            0.037814,            0.015263,           0.0031413,             0.86903,             0.85487,              0.9162,             0.53693,            0.025937,           0.0061458,           0.0042711,            0.009835,            0.009835,            0.009835
                   7,            0.039583,            0.014924,           0.0035882,             0.79612,             0.87056,             0.88588,              0.5324,            0.027081,           0.0060229,           0.0013858,            0.009802,            0.009802,            0.009802
                   8,            0.037118,            0.015069,           0.0041254,              0.9439,             0.90007,             0.95155,             0.59792,            0.025894,           0.0056108,           0.0012777,            0.009769,            0.009769,            0.009769
                   9,            0.034493,            0.014771,           0.0032016,             0.93337,             0.93044,             0.96511,             0.64112,            0.023252,           0.0052864,            0.001514,            0.009736,            0.009736,            0.009736
                  10,            0.032598,            0.014912,           0.0027204,             0.90428,             0.88278,             0.92682,             0.55585,            0.026832,           0.0058308,           0.0017059,            0.009703,            0.009703,            0.009703
                  11,            0.033542,            0.014707,           0.0032287,             0.85498,             0.88813,              0.9237,              0.6081,            0.024615,           0.0057082,          0.00097075,             0.00967,             0.00967,             0.00967
                  12,            0.031865,            0.014593,           0.0021923,             0.91116,             0.91472,              0.9584,             0.65529,            0.022905,           0.0050476,           0.0011122,            0.009637,            0.009637,            0.009637
                  13,             0.03195,            0.013781,           0.0028874,             0.91065,             0.93517,             0.96942,             0.66259,            0.023762,           0.0049163,           0.0025881,            0.009604,            0.009604,            0.009604
                  14,            0.030777,            0.014086,            0.002568,             0.91313,             0.94586,             0.96036,             0.66947,             0.02174,           0.0049886,          0.00061985,            0.009571,            0.009571,            0.009571
                  15,            0.032376,            0.013752,           0.0025333,             0.87509,              0.9061,             0.92589,             0.62357,            0.023937,           0.0049441,           0.0023791,            0.009538,            0.009538,            0.009538
                  16,             0.02971,            0.013385,           0.0022656,             0.91522,             0.95098,             0.95334,             0.64864,            0.022937,           0.0053293,          0.00084252,            0.009505,            0.009505,            0.009505
                  17,            0.028445,            0.013072,           0.0019487,             0.91756,             0.91612,             0.95885,             0.66897,            0.023546,           0.0052676,           0.0005458,            0.009472,            0.009472,            0.009472
                  18,            0.030674,            0.012804,           0.0019997,             0.96997,             0.94586,             0.97234,             0.64209,            0.022354,            0.004912,           0.0006939,            0.009439,            0.009439,            0.009439
                  19,                0.03,            0.013214,           0.0021504,              0.8961,              0.9492,             0.95464,             0.66874,            0.022315,           0.0049801,           0.0012087,            0.009406,            0.009406,            0.009406
                  20,            0.029783,            0.013142,           0.0018676,             0.92617,              0.9459,             0.97032,             0.71379,            0.020643,            0.004558,          0.00070209,            0.009373,            0.009373,            0.009373
                  21,            0.027396,            0.012682,           0.0023527,             0.92594,             0.94312,              0.9661,             0.69084,            0.021415,           0.0049056,          0.00078817,             0.00934,             0.00934,             0.00934
                  22,            0.028763,            0.013037,           0.0022436,               0.864,             0.90009,              0.9482,             0.68854,            0.022451,           0.0049454,           0.0015133,            0.009307,            0.009307,            0.009307
                  23,            0.028646,            0.013264,            0.001955,             0.91463,             0.95059,              0.9637,             0.71577,            0.021878,            0.004742,            0.001321,            0.009274,            0.009274,            0.009274
                  24,            0.028784,            0.013084,           0.0029993,             0.94115,             0.91335,             0.96707,             0.72048,            0.021239,             0.00464,           0.0010905,            0.009241,            0.009241,            0.009241
                  25,            0.027851,            0.012402,           0.0024958,             0.93558,              0.9581,             0.97754,              0.7487,            0.020204,            0.004565,           0.0010987,            0.009208,            0.009208,            0.009208
                  26,             0.02836,            0.012937,           0.0020819,             0.92054,             0.93913,             0.96602,             0.69481,            0.021634,           0.0048107,          0.00049879,            0.009175,            0.009175,            0.009175
                  27,            0.029173,             0.01235,           0.0013634,             0.93156,             0.94616,             0.96757,             0.74004,            0.020322,           0.0047716,          0.00039136,            0.009142,            0.009142,            0.009142
                  28,            0.026702,            0.012771,           0.0023104,             0.92552,             0.92144,             0.95324,             0.63818,            0.025498,           0.0054111,           0.0011076,            0.009109,            0.009109,            0.009109
                  29,            0.027312,            0.012609,           0.0017531,              0.8871,              0.9362,             0.96696,             0.72278,            0.022091,           0.0046356,          0.00031259,            0.009076,            0.009076,            0.009076
                  30,            0.026697,            0.012127,           0.0011248,             0.93658,             0.95904,             0.97155,             0.74127,            0.022431,           0.0047379,          0.00049712,            0.009043,            0.009043,            0.009043
                  31,            0.025667,            0.011866,           0.0012611,             0.91662,             0.96209,             0.97334,             0.73297,            0.022266,            0.004569,           0.0003758,             0.00901,             0.00901,             0.00901
                  32,            0.026242,            0.011945,           0.0011303,             0.96321,             0.93856,             0.97597,             0.75295,            0.022672,           0.0046212,          0.00057166,            0.008977,            0.008977,            0.008977
                  33,            0.026001,            0.011891,           0.0014851,             0.93764,             0.95587,             0.97365,             0.71488,            0.026097,           0.0045174,          0.00075933,            0.008944,            0.008944,            0.008944
                  34,            0.027213,            0.011978,           0.0017146,             0.91796,             0.95286,              0.9715,             0.71985,            0.022367,           0.0050447,          0.00049496,            0.008911,            0.008911,            0.008911
                  35,            0.025284,            0.011803,           0.0017051,             0.93651,             0.90324,             0.96747,             0.73016,            0.020469,           0.0046152,          0.00077984,            0.008878,            0.008878,            0.008878
                  36,            0.024844,            0.011551,           0.0016902,             0.90717,             0.92239,             0.96258,             0.70119,            0.023724,            0.005171,          0.00085359,            0.008845,            0.008845,            0.008845
                  37,            0.026321,            0.011927,           0.0015172,             0.96531,             0.94273,             0.98459,             0.76782,            0.020552,           0.0043714,          0.00055804,            0.008812,            0.008812,            0.008812
                  38,            0.025976,            0.012434,           0.0015063,             0.94565,             0.93632,              0.9678,             0.73228,            0.021905,           0.0046756,          0.00076674,            0.008779,            0.008779,            0.008779
                  39,             0.02532,            0.011579,            0.001184,             0.90311,             0.93964,             0.96624,             0.75429,            0.020208,           0.0043641,           0.0011975,            0.008746,            0.008746,            0.008746
                  40,            0.025045,            0.011468,          0.00093119,             0.95569,             0.93723,             0.97071,             0.73892,            0.021313,           0.0048467,          0.00063108,            0.008713,            0.008713,            0.008713
                  41,            0.024624,            0.011555,           0.0010928,             0.92913,             0.95032,             0.97246,             0.73274,            0.020386,           0.0046369,          0.00069713,             0.00868,             0.00868,             0.00868
                  42,            0.023492,             0.01084,           0.0010015,             0.96061,              0.9551,             0.98148,             0.76534,            0.020894,           0.0044835,          0.00051808,            0.008647,            0.008647,            0.008647
                  43,             0.02309,            0.011309,          0.00079186,             0.92411,             0.95726,             0.97521,              0.7684,            0.021376,           0.0043459,          0.00053655,            0.008614,            0.008614,            0.008614
                  44,            0.023616,            0.011403,          0.00088916,             0.97052,             0.92846,             0.96757,             0.75716,            0.021236,            0.004613,           0.0011111,            0.008581,            0.008581,            0.008581
                  45,            0.023644,            0.011387,           0.0013374,             0.97345,             0.93429,              0.9749,             0.76555,            0.020577,           0.0044815,          0.00055134,            0.008548,            0.008548,            0.008548
                  46,            0.023799,            0.011017,           0.0010561,             0.97066,             0.95174,             0.98306,             0.77376,            0.020971,           0.0043996,          0.00041499,            0.008515,            0.008515,            0.008515
                  47,            0.023023,            0.011099,          0.00067623,             0.97832,             0.94079,             0.98195,             0.77846,            0.020751,           0.0043566,          0.00054628,            0.008482,            0.008482,            0.008482
                  48,            0.023242,            0.010782,          0.00096419,             0.97505,             0.95174,             0.97914,             0.75959,            0.020971,           0.0044997,          0.00040673,            0.008449,            0.008449,            0.008449
                  49,             0.02298,            0.010558,          0.00085507,             0.96736,             0.95527,             0.97755,             0.76098,            0.020916,            0.004531,          0.00060951,            0.008416,            0.008416,            0.008416
                  50,            0.023288,            0.011207,           0.0015378,             0.95462,             0.93791,             0.97087,             0.75012,            0.021357,            0.004668,          0.00069289,            0.008383,            0.008383,            0.008383
                  51,            0.022319,            0.010924,           0.0011861,             0.96128,             0.94253,             0.97421,              0.7449,            0.020869,           0.0047882,          0.00053156,             0.00835,             0.00835,             0.00835
                  52,            0.023278,            0.011299,          0.00090621,             0.98139,             0.94607,              0.9792,              0.7457,            0.020573,           0.0043439,          0.00062398,            0.008317,            0.008317,            0.008317
                  53,            0.022696,            0.011059,          0.00078044,             0.93035,             0.96634,             0.97799,             0.78342,            0.020385,            0.004348,           0.0004723,            0.008284,            0.008284,            0.008284
                  54,            0.022151,            0.010719,          0.00094102,             0.97727,              0.9571,              0.9791,             0.77926,            0.020936,           0.0043891,          0.00050615,            0.008251,            0.008251,            0.008251
                  55,            0.022243,            0.010626,          0.00073862,              0.9752,             0.93533,             0.97863,             0.75778,            0.020627,            0.004484,          0.00054982,            0.008218,            0.008218,            0.008218
                  56,            0.022249,            0.010501,          0.00083842,             0.95586,              0.9586,             0.97998,             0.77576,            0.021275,           0.0045179,          0.00032724,            0.008185,            0.008185,            0.008185
                  57,            0.023274,            0.010792,           0.0016986,             0.97388,             0.90474,             0.97445,             0.77257,            0.020606,           0.0046105,          0.00086601,            0.008152,            0.008152,            0.008152
                  58,            0.023308,            0.010421,           0.0012733,             0.94285,             0.95625,             0.97754,             0.77669,            0.021048,           0.0044678,          0.00050402,            0.008119,            0.008119,            0.008119
                  59,            0.022372,            0.010464,          0.00083124,              0.9727,             0.94221,             0.97743,             0.75418,            0.021381,           0.0047418,          0.00026194,            0.008086,            0.008086,            0.008086
                  60,            0.022295,            0.010337,          0.00092163,             0.96534,             0.93863,             0.96621,             0.77316,            0.020402,           0.0047772,          0.00047002,            0.008053,            0.008053,            0.008053
                  61,            0.022563,            0.010497,           0.0012073,             0.94005,             0.94211,             0.97005,             0.75305,            0.020456,           0.0047207,          0.00079784,             0.00802,             0.00802,             0.00802
                  62,             0.02311,            0.011145,           0.0015388,             0.93485,             0.93856,             0.97226,             0.76333,            0.020676,           0.0047216,          0.00082649,            0.007987,            0.007987,            0.007987
                  63,            0.021881,            0.010553,          0.00096914,             0.96697,             0.94048,             0.97798,             0.77699,            0.021003,           0.0045376,          0.00071658,            0.007954,            0.007954,            0.007954
                  64,            0.021936,            0.010721,           0.0018354,             0.95086,             0.93902,             0.97809,             0.77104,            0.020005,           0.0045272,          0.00093761,            0.007921,            0.007921,            0.007921
                  65,            0.022107,            0.010675,           0.0012458,             0.95273,             0.91868,             0.97412,              0.7501,            0.019657,           0.0046147,          0.00086761,            0.007888,            0.007888,            0.007888
                  66,            0.021381,            0.010689,           0.0010254,             0.95501,             0.93126,              0.9706,             0.77718,            0.020424,            0.004565,          0.00069755,            0.007855,            0.007855,            0.007855
                  67,            0.021323,            0.010274,           0.0012484,             0.94324,             0.95681,             0.97952,             0.77082,             0.02024,           0.0047141,          0.00035842,            0.007822,            0.007822,            0.007822
                  68,            0.022424,            0.010308,          0.00084545,             0.98731,             0.93714,              0.9815,              0.7743,             0.02118,            0.004564,          0.00063467,            0.007789,            0.007789,            0.007789
                  69,            0.020668,            0.010203,           0.0012899,             0.95765,             0.93594,             0.97659,             0.76984,            0.020313,           0.0047664,          0.00044042,            0.007756,            0.007756,            0.007756
                  70,             0.02151,            0.010489,          0.00076946,             0.97653,             0.93848,             0.98022,             0.79362,            0.020422,           0.0045685,           0.0006393,            0.007723,            0.007723,            0.007723
                  71,            0.020172,            0.010351,           0.0007515,             0.96086,             0.97364,             0.98048,             0.78909,            0.020122,            0.004167,          0.00019817,             0.00769,             0.00769,             0.00769
                  72,            0.021834,            0.010311,           0.0010518,             0.96134,             0.96416,             0.98311,             0.78301,            0.020622,           0.0043444,           0.0002727,            0.007657,            0.007657,            0.007657
                  73,             0.02287,            0.010295,          0.00088474,             0.96609,             0.92033,             0.97511,             0.79699,            0.019791,           0.0043224,            0.000503,            0.007624,            0.007624,            0.007624
                  74,            0.020628,            0.010156,          0.00090887,             0.95502,             0.94915,             0.97529,             0.78606,            0.019157,           0.0045946,          0.00046999,            0.007591,            0.007591,            0.007591
                  75,            0.020422,           0.0099881,          0.00059115,              0.9885,             0.95729,             0.98577,             0.80193,            0.020297,           0.0043391,          0.00041098,            0.007558,            0.007558,            0.007558
                  76,            0.021652,           0.0095238,          0.00057776,             0.97816,             0.92591,             0.98194,             0.76774,            0.021609,           0.0048369,           0.0007042,            0.007525,            0.007525,            0.007525
                  77,            0.021429,            0.010035,           0.0011087,             0.95361,             0.96516,             0.98058,             0.79515,            0.019842,           0.0044557,          0.00035383,            0.007492,            0.007492,            0.007492
                  78,            0.020162,           0.0099649,          0.00073975,             0.95963,             0.97212,             0.98366,             0.79557,            0.021024,           0.0042814,          0.00038997,            0.007459,            0.007459,            0.007459
                  79,            0.020842,           0.0099442,           0.0011733,             0.94954,             0.97446,             0.98493,             0.78078,            0.019829,            0.004442,           0.0003991,            0.007426,            0.007426,            0.007426
                  80,            0.020601,            0.010052,           0.0012254,             0.97109,             0.93856,             0.97813,             0.77432,             0.02038,            0.004546,          0.00046672,            0.007393,            0.007393,            0.007393
                  81,            0.020091,            0.010102,          0.00082439,             0.95121,             0.93887,             0.97777,              0.7745,            0.020157,           0.0044982,           0.0004699,             0.00736,             0.00736,             0.00736
                  82,            0.020879,           0.0098424,           0.0011929,             0.97478,             0.97126,             0.99031,             0.80017,            0.019575,           0.0041758,          0.00046309,            0.007327,            0.007327,            0.007327
                  83,            0.020392,           0.0097541,          0.00069967,             0.96608,              0.9636,             0.97994,              0.8019,             0.01955,            0.004207,           0.0006955,            0.007294,            0.007294,            0.007294
                  84,            0.021052,           0.0099587,          0.00063783,             0.96059,             0.97591,             0.98464,             0.78845,            0.020314,           0.0042908,           0.0008672,            0.007261,            0.007261,            0.007261
                  85,            0.020295,           0.0094544,          0.00068492,             0.97549,             0.92761,             0.98152,             0.79153,            0.020771,           0.0047169,          0.00029524,            0.007228,            0.007228,            0.007228
                  86,            0.019444,           0.0091415,          0.00058654,             0.96911,             0.94459,             0.97991,             0.80344,            0.019836,            0.004511,          0.00042752,            0.007195,            0.007195,            0.007195
                  87,            0.020281,           0.0096821,           0.0013396,             0.96874,             0.95324,             0.98053,             0.78459,            0.020726,           0.0044373,          0.00032088,            0.007162,            0.007162,            0.007162
                  88,            0.020831,           0.0097279,          0.00055866,             0.97124,             0.94444,             0.98108,             0.79249,            0.020187,            0.004766,          0.00062015,            0.007129,            0.007129,            0.007129
                  89,            0.019727,           0.0091912,          0.00088336,              0.9802,             0.94633,              0.9706,             0.78669,            0.020385,           0.0048317,            0.001132,            0.007096,            0.007096,            0.007096
                  90,            0.019424,           0.0095023,           0.0006707,             0.98003,             0.94122,             0.97836,             0.78859,            0.020599,           0.0045838,             0.00065,            0.007063,            0.007063,            0.007063
                  91,            0.019191,           0.0093861,          0.00089429,             0.96031,             0.94904,             0.98084,             0.78763,            0.020995,           0.0049042,           0.0004424,             0.00703,             0.00703,             0.00703
                  92,            0.020359,           0.0094093,          0.00071513,             0.97886,             0.94188,             0.98653,             0.78685,            0.021369,            0.004542,          0.00052802,            0.006997,            0.006997,            0.006997
                  93,            0.019589,           0.0097423,          0.00074356,             0.98864,             0.95032,              0.9862,             0.79122,            0.021012,           0.0047465,          0.00049249,            0.006964,            0.006964,            0.006964
                  94,            0.019341,           0.0093189,          0.00081343,             0.97198,             0.96634,             0.97386,             0.77869,            0.021216,           0.0045945,          0.00046862,            0.006931,            0.006931,            0.006931
                  95,            0.019599,           0.0097186,           0.0011361,             0.98246,             0.92664,             0.98025,             0.79432,            0.020961,           0.0046906,          0.00045201,            0.006898,            0.006898,            0.006898
                  96,            0.018916,           0.0095133,           0.0013373,             0.97574,             0.93609,             0.98059,             0.77691,            0.020589,           0.0049123,            0.001022,            0.006865,            0.006865,            0.006865
                  97,            0.019283,           0.0092832,           0.0007625,             0.96456,             0.95551,             0.97803,             0.76845,            0.020736,           0.0048464,          0.00069276,            0.006832,            0.006832,            0.006832
                  98,            0.018004,           0.0092405,          0.00059365,               0.968,             0.95904,             0.97964,             0.79316,            0.019965,           0.0045422,          0.00034494,            0.006799,            0.006799,            0.006799
                  99,            0.018153,           0.0092624,           0.0004485,             0.96249,             0.91807,             0.97365,             0.79009,            0.021528,           0.0047225,          0.00084266,            0.006766,            0.006766,            0.006766
                 100,            0.018311,           0.0093832,          0.00075874,             0.94996,             0.96901,             0.98605,             0.80318,            0.019942,           0.0045064,          0.00033941,            0.006733,            0.006733,            0.006733
                 101,              0.0178,            0.009054,           0.0008345,             0.97449,             0.94079,             0.98262,             0.80252,            0.020585,           0.0046528,          0.00074195,              0.0067,              0.0067,              0.0067
                 102,            0.018698,           0.0091232,          0.00067104,             0.96426,             0.94819,             0.98054,             0.78734,            0.019979,           0.0046408,          0.00058013,            0.006667,            0.006667,            0.006667
                 103,            0.019559,           0.0089864,          0.00060975,             0.95342,             0.96578,             0.98096,             0.78753,            0.019786,            0.004521,          0.00036214,            0.006634,            0.006634,            0.006634
                 104,            0.018995,           0.0094839,          0.00052989,             0.98206,             0.93115,              0.9778,             0.77143,            0.021111,           0.0048043,          0.00029929,            0.006601,            0.006601,            0.006601
                 105,            0.018537,           0.0093618,          0.00052661,             0.95906,             0.95762,             0.97975,             0.78997,            0.020767,           0.0046513,          0.00027286,            0.006568,            0.006568,            0.006568
                 106,            0.018749,           0.0093927,          0.00073735,             0.98376,             0.94303,             0.98211,             0.78209,             0.02041,             0.00475,          0.00042211,            0.006535,            0.006535,            0.006535
                 107,            0.018421,           0.0091415,           0.0006064,              0.9475,             0.96269,             0.97463,             0.78372,            0.020421,           0.0045928,          0.00060796,            0.006502,            0.006502,            0.006502
                 108,            0.019487,            0.009188,          0.00072697,             0.96808,             0.94458,             0.98139,             0.79678,            0.019806,            0.004756,          0.00039064,            0.006469,            0.006469,            0.006469
                 109,            0.018263,           0.0091543,          0.00057642,             0.96393,             0.94101,             0.98095,             0.79078,            0.020275,           0.0045649,          0.00057988,            0.006436,            0.006436,            0.006436
                 110,             0.01967,           0.0090584,          0.00047308,             0.97578,             0.96634,             0.98448,             0.79847,             0.02023,           0.0046207,          0.00019932,            0.006403,            0.006403,            0.006403
                 111,            0.018655,           0.0091187,          0.00041991,             0.98392,             0.94667,             0.98444,             0.79721,            0.019528,           0.0046783,          0.00041686,             0.00637,             0.00637,             0.00637
                 112,             0.01828,            0.008994,           0.0004508,             0.95356,             0.96719,              0.9881,             0.80434,            0.019286,            0.004605,          0.00034409,            0.006337,            0.006337,            0.006337
                 113,            0.017207,           0.0087516,          0.00051768,             0.97699,             0.92713,             0.98382,             0.80989,            0.019644,           0.0047841,          0.00027158,            0.006304,            0.006304,            0.006304
                 114,               0.018,           0.0087767,          0.00071137,             0.97184,             0.92984,             0.98065,             0.79437,            0.019693,            0.004699,          0.00067614,            0.006271,            0.006271,            0.006271
                 115,              0.0171,           0.0087869,          0.00054494,             0.94472,             0.96857,             0.97564,             0.78886,            0.019996,           0.0047472,          0.00041782,            0.006238,            0.006238,            0.006238
                 116,             0.01785,            0.008838,          0.00048187,             0.97157,             0.95009,              0.9784,             0.79392,            0.020115,            0.004466,          0.00030031,            0.006205,            0.006205,            0.006205
                 117,            0.017378,            0.009026,          0.00047476,             0.95024,             0.94932,              0.9812,             0.79644,            0.019968,           0.0046574,          0.00073031,            0.006172,            0.006172,            0.006172
                 118,            0.017452,           0.0087982,          0.00053218,             0.95743,             0.95904,             0.97839,              0.7946,            0.020134,           0.0046563,          0.00047923,            0.006139,            0.006139,            0.006139
                 119,            0.019346,             0.00884,          0.00051811,             0.97337,             0.95444,             0.97682,             0.78664,            0.020962,             0.00478,          0.00047292,            0.006106,            0.006106,            0.006106
                 120,            0.017242,           0.0086656,          0.00048916,              0.9664,             0.95539,             0.97962,             0.77911,            0.020096,            0.004855,          0.00047925,            0.006073,            0.006073,            0.006073
                 121,            0.017724,           0.0088675,          0.00083265,             0.93435,             0.96492,             0.97549,              0.7835,            0.020289,           0.0046756,          0.00079195,             0.00604,             0.00604,             0.00604
                 122,            0.017175,           0.0087298,          0.00048533,             0.97985,             0.92015,             0.97455,             0.78074,            0.019827,           0.0048172,          0.00073263,            0.006007,            0.006007,            0.006007
                 123,            0.018272,           0.0086646,           0.0008354,             0.95355,             0.93218,             0.97304,             0.77433,            0.020508,           0.0046072,          0.00063297,            0.005974,            0.005974,            0.005974
                 124,            0.016933,           0.0084847,          0.00043804,             0.96591,             0.95327,             0.98197,             0.80036,            0.020388,           0.0046404,          0.00056211,            0.005941,            0.005941,            0.005941
                 125,            0.018337,           0.0082965,          0.00039214,             0.97356,             0.93267,              0.9796,             0.79728,            0.019954,           0.0045878,          0.00056007,            0.005908,            0.005908,            0.005908
                 126,            0.016594,           0.0086556,          0.00055359,             0.95943,              0.9677,             0.98175,             0.78281,            0.020183,           0.0047309,          0.00069385,            0.005875,            0.005875,            0.005875
                 127,            0.017204,           0.0083845,          0.00032494,             0.98369,             0.94059,             0.97966,             0.80023,            0.020085,           0.0046688,          0.00075147,            0.005842,            0.005842,            0.005842
                 128,            0.017209,            0.008261,          0.00035211,             0.94446,              0.9656,             0.98071,             0.79463,            0.020121,           0.0047028,          0.00043898,            0.005809,            0.005809,            0.005809
                 129,            0.016012,           0.0082978,          0.00025984,             0.98317,              0.9502,              0.9843,             0.81101,            0.020051,           0.0045421,          0.00036389,            0.005776,            0.005776,            0.005776
                 130,            0.015992,            0.008175,          0.00030847,             0.96552,             0.96269,             0.98493,             0.80549,            0.020056,           0.0047482,          0.00041465,            0.005743,            0.005743,            0.005743
                 131,            0.016615,            0.008126,          0.00032147,             0.95325,             0.97769,             0.97975,             0.79613,            0.019815,           0.0047281,           0.0006561,             0.00571,             0.00571,             0.00571
                 132,            0.016919,            0.008429,          0.00032398,              0.9533,             0.96927,             0.97501,             0.78421,            0.021032,           0.0048688,          0.00097065,            0.005677,            0.005677,            0.005677
                 133,            0.016117,           0.0082056,          0.00043661,             0.96657,             0.94823,               0.979,             0.80443,            0.019951,           0.0047032,            0.000518,            0.005644,            0.005644,            0.005644
                 134,            0.015439,           0.0081984,          0.00033554,             0.96837,             0.95904,             0.97515,             0.80005,            0.019741,           0.0044938,          0.00030199,            0.005611,            0.005611,            0.005611
                 135,            0.016301,           0.0080417,           0.0010307,             0.96886,              0.9454,              0.9769,             0.79887,            0.019767,           0.0047015,           0.0003527,            0.005578,            0.005578,            0.005578
                 136,            0.017797,           0.0079997,          0.00048208,             0.94923,             0.94438,              0.9717,             0.78748,            0.019961,           0.0048132,          0.00068509,            0.005545,            0.005545,            0.005545
                 137,            0.016982,           0.0085261,          0.00032589,             0.96312,             0.97154,             0.98229,             0.80147,             0.01931,           0.0046899,          0.00042885,            0.005512,            0.005512,            0.005512
                 138,            0.016715,           0.0079033,          0.00048748,             0.98188,             0.94281,             0.98064,             0.79288,            0.020354,           0.0046589,          0.00049572,            0.005479,            0.005479,            0.005479
                 139,            0.016438,            0.008377,          0.00039663,              0.9671,             0.97667,             0.98471,             0.79282,              0.0196,           0.0047173,          0.00034796,            0.005446,            0.005446,            0.005446
                 140,            0.015223,           0.0081973,          0.00051862,             0.95052,             0.97587,             0.98514,              0.8013,            0.019078,           0.0044331,          0.00018267,            0.005413,            0.005413,            0.005413
                 141,            0.016343,            0.008532,          0.00043587,             0.95465,             0.97764,             0.98195,             0.80748,            0.019876,            0.004536,          0.00031687,             0.00538,             0.00538,             0.00538
                 142,            0.016603,           0.0085769,          0.00098256,             0.98268,             0.93049,             0.97793,              0.7798,             0.02125,           0.0049404,          0.00023379,            0.005347,            0.005347,            0.005347
                 143,             0.01649,           0.0083146,          0.00061931,             0.96552,             0.96194,             0.98391,             0.80128,            0.019526,           0.0046153,          0.00029287,            0.005314,            0.005314,            0.005314
                 144,            0.017358,           0.0082102,          0.00036443,             0.96003,             0.95753,             0.97775,              0.8092,             0.01949,           0.0046426,             0.00055,            0.005281,            0.005281,            0.005281
                 145,            0.016996,           0.0082502,          0.00052902,             0.96513,             0.96574,              0.9804,             0.80561,            0.019753,           0.0047223,          0.00065093,            0.005248,            0.005248,            0.005248
                 146,             0.01583,           0.0081189,          0.00048708,             0.95683,             0.96331,             0.98638,              0.8038,            0.020335,            0.004609,          0.00038312,            0.005215,            0.005215,            0.005215
                 147,            0.017251,           0.0082915,          0.00049912,             0.96944,             0.95174,             0.97425,             0.79228,             0.02038,           0.0047407,          0.00048089,            0.005182,            0.005182,            0.005182
                 148,            0.015803,           0.0079979,          0.00044681,             0.96806,             0.96492,             0.98033,             0.79171,            0.020611,           0.0047862,          0.00032681,            0.005149,            0.005149,            0.005149
                 149,            0.015317,           0.0081693,          0.00046977,             0.98132,             0.95032,              0.9773,             0.80055,            0.019543,           0.0045087,          0.00030353,            0.005116,            0.005116,            0.005116
                 150,            0.015907,           0.0077822,          0.00035467,             0.99229,             0.95321,             0.98276,             0.80069,            0.019924,           0.0046947,          0.00065621,            0.005083,            0.005083,            0.005083
                 151,            0.016129,            0.008148,           0.0004147,             0.96595,             0.95802,             0.98417,               0.811,            0.020723,           0.0046399,          0.00069284,             0.00505,             0.00505,             0.00505
                 152,            0.015793,           0.0079419,          0.00021224,             0.97282,             0.96153,             0.97987,             0.80587,            0.021123,            0.004512,          0.00062271,            0.005017,            0.005017,            0.005017
                 153,            0.016364,           0.0078924,          0.00034297,             0.96599,             0.95793,             0.98149,              0.7916,             0.02184,           0.0049018,          0.00061754,            0.004984,            0.004984,            0.004984
                 154,            0.016399,           0.0082421,          0.00058379,             0.96345,             0.96075,             0.97989,             0.79959,            0.020183,           0.0048677,            0.001013,            0.004951,            0.004951,            0.004951
                 155,            0.015621,           0.0078948,          0.00029937,              0.9676,              0.9687,             0.98159,             0.80654,            0.020061,           0.0047765,          0.00061114,            0.004918,            0.004918,            0.004918
                 156,            0.015651,           0.0078702,           0.0002978,             0.95069,             0.95939,             0.98191,             0.80671,            0.020162,           0.0046435,          0.00036758,            0.004885,            0.004885,            0.004885
                 157,            0.016417,           0.0078445,          0.00028587,             0.96864,             0.93603,             0.98537,              0.7836,            0.020205,           0.0049638,          0.00082171,            0.004852,            0.004852,            0.004852
                 158,            0.014969,           0.0076964,          0.00021087,             0.97733,             0.95776,             0.97908,             0.80559,            0.020199,           0.0047691,          0.00060198,            0.004819,            0.004819,            0.004819
                 159,             0.01534,           0.0081272,          0.00029066,              0.9724,              0.9433,             0.97566,             0.80379,            0.020199,           0.0047897,          0.00064898,            0.004786,            0.004786,            0.004786
                 160,            0.015894,           0.0077288,           0.0003465,             0.96485,             0.94471,             0.97426,              0.8024,             0.01998,           0.0051962,          0.00072485,            0.004753,            0.004753,            0.004753
                 161,            0.015684,           0.0077958,           0.0001935,             0.97882,              0.9555,             0.97837,             0.80205,            0.019774,           0.0048726,          0.00041463,             0.00472,             0.00472,             0.00472
                 162,            0.015707,           0.0078273,          0.00024162,             0.96548,             0.96031,             0.97871,             0.80254,            0.019982,           0.0048285,          0.00043345,            0.004687,            0.004687,            0.004687
                 163,            0.014676,           0.0077414,          0.00023296,             0.97093,             0.95682,              0.9819,             0.80654,            0.019637,           0.0047215,          0.00037906,            0.004654,            0.004654,            0.004654
                 164,            0.015011,           0.0076798,          0.00021611,             0.96995,             0.95684,             0.97987,             0.80856,            0.019548,           0.0047962,          0.00019084,            0.004621,            0.004621,            0.004621
                 165,            0.014345,           0.0076498,          0.00019135,             0.94846,             0.96924,             0.98307,             0.81041,            0.019915,           0.0048114,          0.00047022,            0.004588,            0.004588,            0.004588
                 166,            0.015531,           0.0078735,          0.00038212,             0.97363,             0.95565,             0.98267,             0.81106,              0.0196,           0.0046753,          0.00036589,            0.004555,            0.004555,            0.004555
                 167,            0.014912,            0.007829,          0.00037601,             0.97246,             0.95399,             0.97775,             0.80499,            0.019793,           0.0049414,          0.00054165,            0.004522,            0.004522,            0.004522
                 168,            0.016342,           0.0078978,          0.00025862,             0.96599,             0.96096,             0.98034,             0.80983,            0.019205,           0.0048488,          0.00027447,            0.004489,            0.004489,            0.004489
                 169,            0.015128,           0.0075514,          0.00034801,             0.95799,             0.95539,             0.97809,             0.81036,            0.020641,           0.0049134,          0.00028231,            0.004456,            0.004456,            0.004456
                 170,            0.015537,           0.0076452,          0.00035512,             0.98328,             0.95137,             0.97804,             0.81319,            0.020169,           0.0049233,          0.00055929,            0.004423,            0.004423,            0.004423
                 171,            0.016582,           0.0077484,          0.00044891,             0.98582,             0.94079,             0.98031,             0.81455,            0.019663,           0.0048599,          0.00057252,             0.00439,             0.00439,             0.00439
                 172,            0.014652,           0.0076478,          0.00027959,             0.96939,             0.95289,             0.97674,             0.81052,            0.019393,           0.0047926,          0.00032045,            0.004357,            0.004357,            0.004357
                 173,             0.01499,           0.0077063,          0.00030237,             0.97852,             0.93856,             0.98245,             0.80868,            0.019158,           0.0048122,          0.00024746,            0.004324,            0.004324,            0.004324
                 174,            0.013923,           0.0075444,          0.00033494,             0.98642,              0.9433,             0.97941,              0.8064,            0.019207,            0.005035,          0.00018832,            0.004291,            0.004291,            0.004291
                 175,            0.015739,           0.0075865,          0.00033334,             0.97788,             0.94667,             0.97689,             0.80532,            0.019482,           0.0051516,           0.0003546,            0.004258,            0.004258,            0.004258
                 176,            0.015134,           0.0075598,          0.00027592,             0.98333,             0.93401,             0.97962,              0.8124,            0.019603,           0.0051567,          0.00025634,            0.004225,            0.004225,            0.004225
                 177,            0.014954,           0.0076863,          0.00055871,             0.96334,             0.94842,             0.98292,             0.80893,            0.019747,           0.0048676,          0.00024323,            0.004192,            0.004192,            0.004192
                 178,            0.015655,           0.0074743,          0.00037762,              0.9824,             0.94667,             0.98106,             0.80745,            0.019643,           0.0050041,          0.00023358,            0.004159,            0.004159,            0.004159
                 179,            0.015079,           0.0074942,          0.00086804,             0.96523,              0.9446,             0.97941,             0.81085,            0.019614,           0.0049931,          0.00059536,            0.004126,            0.004126,            0.004126
                 180,            0.015362,           0.0077291,          0.00072659,             0.96342,             0.97222,             0.98384,             0.80764,            0.019476,           0.0048742,          0.00032614,            0.004093,            0.004093,            0.004093
                 181,            0.015565,           0.0075596,          0.00035992,              0.9514,             0.96202,              0.9772,             0.80716,            0.019203,           0.0049446,          0.00036135,             0.00406,             0.00406,             0.00406
                 182,            0.014547,           0.0073877,          0.00022773,             0.98433,             0.94433,             0.98067,             0.81588,            0.019016,           0.0048393,          0.00037956,            0.004027,            0.004027,            0.004027
                 183,            0.014456,           0.0073976,          0.00039343,             0.96704,             0.94406,              0.9758,             0.80532,            0.019701,           0.0050956,          0.00038011,            0.003994,            0.003994,            0.003994
                 184,            0.014931,           0.0075306,          0.00025559,              0.9544,             0.97137,             0.98191,             0.80406,            0.019391,           0.0048576,           0.0001574,            0.003961,            0.003961,            0.003961
                 185,            0.014941,           0.0076935,          0.00042329,             0.98441,             0.94667,             0.98262,             0.80423,            0.019516,           0.0048464,          0.00014716,            0.003928,            0.003928,            0.003928
                 186,             0.01289,           0.0073283,          0.00032528,             0.97954,             0.95397,             0.98213,             0.80423,            0.019652,           0.0050601,          0.00044902,            0.003895,            0.003895,            0.003895
                 187,            0.013757,           0.0072604,          0.00018017,             0.98136,             0.94297,             0.97972,             0.81439,            0.019451,           0.0050993,          0.00055946,            0.003862,            0.003862,            0.003862
                 188,            0.014166,           0.0073438,          0.00021306,             0.97033,             0.95395,              0.9762,             0.80989,            0.020017,           0.0049847,          0.00044616,            0.003829,            0.003829,            0.003829
                 189,            0.015067,           0.0072803,          0.00028428,             0.97856,             0.93701,             0.97958,             0.80713,             0.01982,           0.0049345,          0.00023123,            0.003796,            0.003796,            0.003796
                 190,             0.01491,            0.007354,          0.00030043,             0.95174,             0.96204,             0.98064,             0.81022,            0.019756,           0.0048922,          0.00028931,            0.003763,            0.003763,            0.003763
                 191,            0.014486,            0.007393,          0.00025924,              0.9492,             0.95032,             0.97812,              0.8127,            0.019572,           0.0049947,          0.00030818,             0.00373,             0.00373,             0.00373
                 192,            0.013551,           0.0071731,          0.00020475,             0.96587,             0.95416,              0.9773,             0.81051,            0.019278,           0.0048724,          0.00026987,            0.003697,            0.003697,            0.003697
                 193,            0.013172,           0.0071256,          0.00020246,             0.95698,             0.95728,             0.97806,             0.81583,            0.019329,            0.004977,          0.00041524,            0.003664,            0.003664,            0.003664
                 194,            0.013715,           0.0071283,          0.00026758,             0.97319,             0.94429,             0.97601,             0.81678,            0.019675,           0.0051358,          0.00051163,            0.003631,            0.003631,            0.003631
                 195,            0.013532,           0.0071431,          0.00030274,             0.97435,             0.94641,             0.97399,             0.81163,            0.019196,           0.0051748,          0.00047036,            0.003598,            0.003598,            0.003598
                 196,            0.014164,           0.0071806,          0.00077537,             0.96647,             0.94327,             0.97444,             0.80898,            0.018889,           0.0051502,          0.00044141,            0.003565,            0.003565,            0.003565
                 197,            0.014101,           0.0072005,          0.00034063,             0.97589,             0.93714,             0.97588,             0.80932,            0.019315,           0.0051967,          0.00030502,            0.003532,            0.003532,            0.003532
                 198,             0.01396,           0.0071572,          0.00038488,             0.96887,             0.94901,             0.97611,             0.80609,            0.019762,            0.005106,          0.00038257,            0.003499,            0.003499,            0.003499
                 199,            0.013492,           0.0072187,          0.00028924,             0.95231,             0.95622,             0.97211,             0.81101,            0.019846,           0.0052412,          0.00051544,            0.003466,            0.003466,            0.003466
                 200,            0.013597,           0.0071913,          0.00018385,             0.94333,             0.95762,             0.96946,             0.80401,            0.020006,           0.0053339,          0.00048788,            0.003433,            0.003433,            0.003433
                 201,            0.013909,           0.0070301,          0.00026685,             0.94458,             0.95889,             0.97194,             0.80688,            0.019591,           0.0052072,          0.00028365,              0.0034,              0.0034,              0.0034
                 202,            0.013266,           0.0068335,          0.00019142,             0.96931,             0.95471,              0.9782,             0.81656,            0.019831,           0.0050792,          0.00035233,            0.003367,            0.003367,            0.003367
                 203,             0.01352,           0.0071159,           0.0002444,             0.95746,             0.95755,             0.97657,             0.81964,            0.019718,           0.0052085,           0.0004576,            0.003334,            0.003334,            0.003334
                 204,            0.013056,           0.0071343,          0.00015225,             0.96639,             0.94941,              0.9753,             0.81866,            0.020123,            0.005151,          0.00030605,            0.003301,            0.003301,            0.003301
                 205,            0.013634,           0.0069793,          0.00056075,             0.97328,             0.94444,             0.97231,             0.82005,            0.019873,           0.0052794,          0.00038635,            0.003268,            0.003268,            0.003268
                 206,            0.013532,           0.0072527,          0.00028079,             0.96187,             0.96429,             0.97247,             0.81065,            0.019805,           0.0051624,          0.00032314,            0.003235,            0.003235,            0.003235
                 207,            0.012905,            0.007053,          0.00023643,             0.96196,             0.95782,             0.97565,             0.80911,            0.019913,           0.0051094,          0.00030878,            0.003202,            0.003202,            0.003202
                 208,            0.012611,           0.0069982,            0.000336,             0.95863,             0.95452,             0.97584,             0.80928,            0.019532,           0.0050729,            0.000419,            0.003169,            0.003169,            0.003169
                 209,            0.012637,           0.0069183,          0.00030954,             0.93951,             0.96857,             0.97583,             0.81415,            0.020091,           0.0050713,          0.00041341,            0.003136,            0.003136,            0.003136
                 210,            0.013207,           0.0070453,          0.00032539,             0.97103,             0.93888,             0.97383,             0.80687,            0.020425,           0.0051452,          0.00053883,            0.003103,            0.003103,            0.003103
                 211,            0.012129,           0.0069151,          0.00023381,             0.96593,             0.95086,             0.97757,             0.81298,            0.020264,           0.0050667,          0.00040167,             0.00307,             0.00307,             0.00307
                 212,            0.012722,           0.0069794,          0.00064726,             0.96484,             0.95667,             0.97482,             0.81008,            0.020481,           0.0052028,          0.00041137,            0.003037,            0.003037,            0.003037
                 213,             0.01242,           0.0069942,          0.00021953,             0.96058,             0.93937,             0.97186,              0.8152,            0.020632,           0.0053398,          0.00045755,            0.003004,            0.003004,            0.003004
                 214,            0.012375,           0.0067643,          0.00017766,             0.97961,              0.9335,              0.9718,             0.80211,            0.020378,           0.0054519,          0.00036718,            0.002971,            0.002971,            0.002971
                 215,            0.012794,           0.0069152,          0.00022105,             0.98045,             0.93937,             0.97744,             0.80476,            0.020214,           0.0053651,          0.00035198,            0.002938,            0.002938,            0.002938
                 216,             0.01264,           0.0071247,          0.00013921,             0.97029,             0.95521,              0.9798,             0.80998,            0.019872,           0.0052575,          0.00022503,            0.002905,            0.002905,            0.002905
                 217,            0.013069,           0.0068178,           0.0002261,             0.96662,             0.95497,             0.97625,             0.81006,            0.019874,           0.0052018,          0.00023336,            0.002872,            0.002872,            0.002872
                 218,            0.012548,           0.0065379,          0.00021658,             0.95998,             0.95007,             0.97443,             0.80605,            0.019507,           0.0053166,          0.00041103,            0.002839,            0.002839,            0.002839
                 219,            0.012591,           0.0065643,          0.00016635,             0.97578,             0.94302,             0.97083,             0.80619,            0.019289,           0.0053069,          0.00052364,            0.002806,            0.002806,            0.002806
                 220,            0.013066,            0.006783,          0.00016002,             0.97292,             0.94667,             0.97322,             0.80964,            0.019223,           0.0052335,          0.00054664,            0.002773,            0.002773,            0.002773
                 221,            0.011703,           0.0067465,          0.00014952,             0.98395,             0.95738,             0.97439,              0.8107,            0.019481,           0.0051079,          0.00043841,             0.00274,             0.00274,             0.00274
                 222,            0.012366,           0.0065294,          0.00010186,             0.98187,             0.94189,             0.97128,             0.81165,            0.019525,           0.0052568,          0.00048064,            0.002707,            0.002707,            0.002707
                 223,            0.012516,           0.0065448,          0.00010131,             0.98119,             0.94144,             0.97673,             0.81281,            0.019456,           0.0053764,          0.00044729,            0.002674,            0.002674,            0.002674
                 224,            0.012426,           0.0067058,          0.00020962,             0.97259,             0.94026,              0.9723,             0.81065,            0.019611,           0.0053806,          0.00039824,            0.002641,            0.002641,            0.002641
                 225,            0.012228,           0.0065796,          0.00024998,             0.97892,             0.93028,             0.97214,             0.81324,            0.019423,           0.0054094,          0.00048102,            0.002608,            0.002608,            0.002608
                 226,            0.012308,           0.0066187,          0.00020371,             0.96071,             0.95397,             0.97327,             0.80735,             0.01986,           0.0054127,          0.00049014,            0.002575,            0.002575,            0.002575
                 227,            0.012042,           0.0066736,          0.00018917,             0.95898,             0.94745,             0.97168,              0.8127,            0.019764,            0.005271,          0.00042305,            0.002542,            0.002542,            0.002542
                 228,            0.012992,            0.006493,          0.00013357,             0.97865,             0.94922,             0.97908,             0.81439,            0.019653,           0.0052642,          0.00031078,            0.002509,            0.002509,            0.002509
                 229,            0.012314,           0.0066599,          0.00022087,             0.97775,             0.94444,             0.97695,             0.81697,            0.019301,           0.0051937,          0.00024813,            0.002476,            0.002476,            0.002476
                 230,            0.012707,           0.0064462,          0.00013371,             0.97229,               0.952,              0.9797,             0.81415,            0.019335,           0.0051647,           0.0002971,            0.002443,            0.002443,            0.002443
                 231,            0.012213,           0.0064686,          0.00010617,             0.96154,             0.95397,             0.97688,             0.81592,            0.019587,           0.0052656,          0.00038901,             0.00241,             0.00241,             0.00241
                 232,            0.013542,            0.006497,          0.00030564,              0.9629,             0.95032,             0.97507,             0.81695,            0.019317,           0.0053276,          0.00040405,            0.002377,            0.002377,            0.002377
                 233,            0.012912,           0.0064025,          0.00021031,             0.97857,             0.94887,             0.97467,             0.81436,             0.01948,           0.0052974,          0.00047025,            0.002344,            0.002344,            0.002344
                 234,            0.012139,           0.0065607,          0.00025513,             0.97654,             0.94529,             0.97586,              0.8173,            0.019792,           0.0053099,          0.00059061,            0.002311,            0.002311,            0.002311
                 235,            0.012983,           0.0065979,          0.00019442,             0.97549,             0.94666,             0.97237,             0.80888,            0.019657,           0.0052741,          0.00056419,            0.002278,            0.002278,            0.002278
                 236,            0.011586,           0.0062928,           0.0001862,             0.97735,             0.94667,             0.97146,             0.81458,            0.019664,           0.0053992,          0.00066106,            0.002245,            0.002245,            0.002245
                 237,            0.012461,           0.0063517,          0.00018352,             0.97974,             0.94141,             0.97265,             0.81521,            0.019636,           0.0053911,           0.0006446,            0.002212,            0.002212,            0.002212
                 238,            0.011943,           0.0064368,          0.00022886,             0.98312,             0.93668,             0.97384,             0.81584,            0.019764,           0.0053618,          0.00054477,            0.002179,            0.002179,            0.002179
                 239,            0.011022,           0.0064254,          0.00017595,             0.96948,             0.95099,             0.97449,             0.81358,            0.019988,           0.0054177,          0.00039947,            0.002146,            0.002146,            0.002146
                 240,            0.012394,           0.0064618,          0.00053976,             0.97963,             0.94164,               0.979,             0.82111,            0.020081,           0.0054103,           0.0003841,            0.002113,            0.002113,            0.002113
                 241,            0.011572,           0.0063728,          0.00011234,             0.96663,              0.9558,             0.97773,             0.81777,            0.019953,           0.0053644,          0.00045999,             0.00208,             0.00208,             0.00208
                 242,            0.012043,           0.0062387,          0.00036107,             0.96725,             0.95754,             0.97797,             0.82072,            0.019788,           0.0054855,          0.00054857,            0.002047,            0.002047,            0.002047
                 243,            0.011163,            0.006434,          0.00023149,             0.97761,             0.94284,             0.97392,             0.82091,            0.019928,            0.005438,          0.00067678,            0.002014,            0.002014,            0.002014
                 244,            0.011915,           0.0063531,          0.00029758,              0.9796,             0.94216,             0.97521,             0.81259,            0.020181,           0.0053898,          0.00063719,            0.001981,            0.001981,            0.001981
                 245,            0.010582,           0.0061787,          0.00017849,             0.97615,             0.94407,             0.98291,             0.81744,            0.019986,           0.0053568,          0.00032296,            0.001948,            0.001948,            0.001948
                 246,            0.011488,           0.0066056,          0.00014419,             0.97648,             0.93913,             0.98214,             0.81799,            0.020026,           0.0053325,          0.00019193,            0.001915,            0.001915,            0.001915
                 247,            0.010996,           0.0061806,          0.00012041,             0.97495,             0.93971,             0.98086,             0.81558,            0.019982,           0.0053879,          0.00022774,            0.001882,            0.001882,            0.001882
                 248,             0.01209,           0.0062941,          9.1663e-05,             0.96994,             0.93815,             0.97977,             0.81976,            0.019897,           0.0054584,          0.00033215,            0.001849,            0.001849,            0.001849
                 249,            0.010895,           0.0061993,          0.00023062,             0.95896,             0.95074,             0.97782,             0.81658,            0.019927,           0.0055093,          0.00025726,            0.001816,            0.001816,            0.001816
                 250,            0.011474,           0.0063496,          0.00040235,             0.97453,             0.94141,              0.9783,             0.81926,            0.019973,           0.0054889,           0.0001693,            0.001783,            0.001783,            0.001783
                 251,            0.011851,           0.0062337,          0.00014966,             0.95909,             0.95762,             0.97929,             0.82284,            0.019964,           0.0054851,          0.00018067,             0.00175,             0.00175,             0.00175
                 252,            0.010718,           0.0062464,          0.00010464,             0.96178,             0.95655,             0.98124,             0.82444,            0.019947,           0.0053492,          0.00021059,            0.001717,            0.001717,            0.001717
                 253,            0.011102,           0.0061139,          0.00016395,             0.97366,             0.94375,             0.98164,             0.82323,            0.019916,           0.0052521,          0.00017929,            0.001684,            0.001684,            0.001684
                 254,            0.011233,           0.0060091,          0.00017955,             0.95782,             0.95032,             0.98107,             0.82068,            0.019841,           0.0053356,          0.00018926,            0.001651,            0.001651,            0.001651
                 255,            0.010113,           0.0060303,          7.5805e-05,             0.96816,              0.9393,               0.983,             0.82236,            0.019692,           0.0053857,          0.00021834,            0.001618,            0.001618,            0.001618
                 256,            0.010896,           0.0061254,          0.00018154,              0.9746,             0.94117,             0.98138,             0.82567,            0.019581,           0.0053339,          0.00026287,            0.001585,            0.001585,            0.001585
                 257,            0.011741,           0.0061254,           0.0001453,             0.97604,             0.94847,             0.97806,             0.82421,            0.019613,           0.0054065,          0.00029872,            0.001552,            0.001552,            0.001552
                 258,            0.010313,           0.0059679,          9.0211e-05,             0.97857,             0.94757,             0.97973,             0.82352,             0.01956,           0.0055349,          0.00027615,            0.001519,            0.001519,            0.001519
                 259,            0.010665,           0.0060346,          6.6246e-05,             0.97018,             0.94965,             0.98026,             0.82012,            0.019619,           0.0056192,          0.00028159,            0.001486,            0.001486,            0.001486
                 260,            0.010331,           0.0060432,           0.0010429,             0.97326,             0.93936,             0.97688,             0.82285,             0.01949,           0.0055541,          0.00027973,            0.001453,            0.001453,            0.001453
                 261,            0.011145,           0.0059643,          0.00025689,             0.96432,             0.94776,             0.97983,             0.82078,            0.019482,           0.0054911,          0.00029807,             0.00142,             0.00142,             0.00142
                 262,            0.010361,           0.0060834,          0.00014887,             0.96464,             0.94981,             0.98004,              0.8208,            0.019485,           0.0055118,          0.00027446,            0.001387,            0.001387,            0.001387
                 263,            0.010587,           0.0060175,          0.00030348,             0.96355,             0.95392,             0.98035,             0.82228,            0.019374,           0.0055143,          0.00020098,            0.001354,            0.001354,            0.001354
                 264,            0.010039,           0.0059541,          7.6156e-05,             0.96208,             0.94667,             0.97831,             0.82325,            0.019409,           0.0055449,          0.00013918,            0.001321,            0.001321,            0.001321
                 265,            0.010188,           0.0060262,          0.00013714,             0.96944,             0.93873,             0.97861,             0.81905,            0.019282,            0.005529,          0.00012786,            0.001288,            0.001288,            0.001288
                 266,              0.0104,           0.0060215,          0.00017393,             0.96259,             0.94983,             0.97835,             0.82417,            0.019105,            0.005535,          0.00014847,            0.001255,            0.001255,            0.001255
                 267,            0.010008,           0.0057974,          0.00014814,              0.9776,             0.92769,             0.97823,             0.82156,            0.019058,           0.0055655,          0.00016422,            0.001222,            0.001222,            0.001222
                 268,            0.010428,           0.0059162,          7.7648e-05,             0.96243,             0.93971,             0.97729,             0.82376,            0.019216,           0.0055538,          0.00020519,            0.001189,            0.001189,            0.001189
                 269,            0.010424,           0.0059845,          0.00015216,             0.97375,             0.93677,             0.97885,             0.82398,            0.019214,           0.0054561,          0.00019765,            0.001156,            0.001156,            0.001156
                 270,             0.01037,           0.0058787,          0.00013061,              0.9688,             0.93937,             0.97927,             0.82427,            0.019165,           0.0054615,          0.00020339,            0.001123,            0.001123,            0.001123
                 271,            0.010822,           0.0059953,           0.0001503,             0.96683,             0.94302,             0.97831,             0.82346,            0.019284,           0.0054851,          0.00019883,             0.00109,             0.00109,             0.00109
                 272,            0.009789,           0.0058877,          0.00016352,             0.96878,             0.94648,             0.97789,             0.82135,            0.019345,           0.0055071,           0.0002423,            0.001057,            0.001057,            0.001057
                 273,           0.0098968,           0.0056846,          0.00023296,             0.96798,             0.94667,             0.97925,             0.82679,            0.019382,           0.0054928,          0.00022858,            0.001024,            0.001024,            0.001024
                 274,            0.010354,           0.0060126,          0.00010215,             0.96727,             0.94916,             0.97876,             0.82134,            0.019272,           0.0055105,          0.00022711,            0.000991,            0.000991,            0.000991
                 275,             0.01072,             0.00585,           0.0001313,             0.96839,             0.94577,             0.97936,             0.82045,             0.01924,           0.0055187,          0.00022568,            0.000958,            0.000958,            0.000958
                 276,            0.010127,           0.0058366,          0.00018938,             0.96294,             0.95032,             0.97905,             0.82229,            0.019226,           0.0054936,          0.00023536,            0.000925,            0.000925,            0.000925
                 277,            0.010193,           0.0057527,           7.115e-05,             0.96508,             0.94731,             0.97916,             0.82173,            0.019257,            0.005468,          0.00022529,            0.000892,            0.000892,            0.000892
                 278,            0.010039,           0.0058121,           9.108e-05,             0.96391,             0.95317,             0.97885,             0.82017,            0.019358,           0.0054733,          0.00023428,            0.000859,            0.000859,            0.000859
                 279,            0.010171,           0.0057995,          0.00014488,             0.95274,             0.95764,             0.97804,             0.82062,            0.019436,           0.0055352,          0.00023772,            0.000826,            0.000826,            0.000826
                 280,           0.0088619,           0.0056055,          4.5188e-05,              0.9635,             0.94909,              0.9778,             0.82581,            0.019507,           0.0055805,           0.0002231,            0.000793,            0.000793,            0.000793
                 281,           0.0091108,           0.0055283,          6.0535e-05,             0.96861,             0.94554,             0.97838,              0.8254,             0.01953,           0.0055838,          0.00021486,             0.00076,             0.00076,             0.00076
                 282,           0.0097483,           0.0056632,          9.9407e-05,             0.95257,             0.96195,             0.97814,             0.82249,             0.01949,           0.0056319,          0.00021202,            0.000727,            0.000727,            0.000727
                 283,           0.0090713,           0.0055343,          6.4819e-05,             0.96301,             0.95563,             0.97767,             0.82286,            0.019471,           0.0056615,          0.00021677,            0.000694,            0.000694,            0.000694
                 284,            0.010162,           0.0057185,          0.00010009,             0.96255,             0.95687,             0.97677,             0.82301,             0.01954,           0.0056665,          0.00025152,            0.000661,            0.000661,            0.000661
                 285,           0.0096038,           0.0056275,           5.881e-05,             0.96274,             0.95619,             0.97631,             0.82206,            0.019564,           0.0056895,          0.00027133,            0.000628,            0.000628,            0.000628
                 286,           0.0092994,           0.0056776,           6.762e-05,              0.9631,             0.95567,              0.9754,             0.82335,            0.019623,              0.0057,          0.00027336,            0.000595,            0.000595,            0.000595
                 287,           0.0098222,           0.0056847,          6.7166e-05,               0.962,             0.95397,             0.97472,             0.82516,            0.019654,           0.0056815,          0.00027306,            0.000562,            0.000562,            0.000562
                 288,           0.0090208,           0.0056228,          9.6471e-05,              0.9619,             0.95397,             0.97561,             0.82453,            0.019615,           0.0056553,          0.00027893,            0.000529,            0.000529,            0.000529
                 289,           0.0097839,           0.0053294,          9.7294e-05,             0.96763,             0.94415,             0.97457,             0.82406,             0.01958,           0.0056533,          0.00028627,            0.000496,            0.000496,            0.000496
                 290,            0.010005,            0.005657,          6.8775e-05,             0.94925,             0.96002,             0.97634,              0.8233,            0.019597,           0.0056597,          0.00028864,            0.000463,            0.000463,            0.000463
                 291,            0.010123,           0.0054449,          0.00031727,             0.94889,             0.96492,             0.97544,             0.82415,            0.019557,            0.005649,          0.00030116,             0.00043,             0.00043,             0.00043
                 292,           0.0093783,           0.0055367,          8.8327e-05,             0.95118,             0.96033,             0.97668,             0.82482,            0.019523,            0.005628,          0.00029996,            0.000397,            0.000397,            0.000397
                 293,           0.0099211,           0.0055103,          0.00014619,             0.95267,             0.96492,             0.97724,             0.82428,            0.019478,            0.005622,          0.00030561,            0.000364,            0.000364,            0.000364
                 294,           0.0094865,           0.0053962,           8.785e-05,              0.9533,             0.96367,             0.97785,             0.82564,             0.01946,           0.0056266,          0.00029772,            0.000331,            0.000331,            0.000331
                 295,           0.0095609,           0.0054669,          0.00039949,             0.94828,             0.96492,             0.97844,             0.82765,            0.019457,           0.0056349,          0.00029165,            0.000298,            0.000298,            0.000298
                 296,           0.0089108,           0.0055058,          3.9888e-05,              0.9667,             0.94875,               0.979,             0.83027,            0.019411,           0.0056342,          0.00028225,            0.000265,            0.000265,            0.000265
                 297,           0.0087272,           0.0053512,          0.00017934,             0.96639,             0.94667,             0.97914,             0.83114,            0.019392,           0.0056168,          0.00026853,            0.000232,            0.000232,            0.000232
                 298,           0.0090272,            0.005415,           5.161e-05,             0.96545,             0.94667,             0.97906,              0.8309,            0.019394,           0.0056136,          0.00025369,            0.000199,            0.000199,            0.000199
                 299,           0.0088481,           0.0055598,          6.4922e-05,             0.96702,             0.94667,             0.97927,             0.83104,            0.019381,           0.0056347,          0.00024639,            0.000166,            0.000166,            0.000166
